time,temperature_2m (°C),relative_humidity_2m (%),precipitation (mm),cloud_cover (%),wind_speed_10m (km/h),wind_direction_10m (°),soil_temperature_0_to_7cm (°C),is_day ()
2023-08-22T00:00,22.7,83,0.00,52,17.3,358,24.1,0
2023-08-22T01:00,21.8,77,0.00,97,21.2,350,23.7,0
2023-08-22T02:00,20.8,74,0.00,70,20.5,350,23.3,0
2023-08-22T03:00,19.6,65,0.00,91,19.5,355,22.7,0
2023-08-22T04:00,19.4,58,0.00,97,18.4,1,22.3,0
2023-08-22T05:00,18.7,63,0.00,36,18.8,3,21.9,0
2023-08-22T06:00,17.8,72,0.00,31,17.4,6,21.4,1
2023-08-22T07:00,19.2,70,0.00,30,18.4,356,22.6,1
2023-08-22T08:00,20.0,65,0.00,29,18.9,9,22.8,1
2023-08-22T09:00,20.9,59,0.00,30,17.3,17,23.3,1
2023-08-22T10:00,22.0,59,0.00,33,16.1,24,24.2,1
2023-08-22T11:00,23.1,56,0.00,39,15.9,25,25.1,1
2023-08-22T12:00,24.1,51,0.00,36,16.3,31,25.8,1
2023-08-22T13:00,25.1,47,0.00,27,14.5,30,26.5,1
2023-08-22T14:00,25.7,46,0.00,34,12.3,21,27.1,1
2023-08-22T15:00,26.0,44,0.00,26,14.2,21,27.3,1
2023-08-22T16:00,25.8,44,0.00,14,16.2,21,27.0,1
2023-08-22T17:00,25.1,46,0.00,33,14.9,15,26.4,1
2023-08-22T18:00,23.7,54,0.00,21,7.3,11,25.5,1
2023-08-22T19:00,21.1,70,0.00,71,6.8,360,24.4,0
2023-08-22T20:00,20.9,71,0.00,54,6.9,354,23.4,0
2023-08-22T21:00,20.5,73,0.00,8,6.5,357,22.8,0
2023-08-22T22:00,19.6,73,0.00,2,8.7,353,22.1,0
2023-08-22T23:00,18.8,72,0.00,0,10.0,347,21.5,0
2023-08-23T00:00,18.0,74,0.00,0,10.1,358,20.9,0
2023-08-23T01:00,17.5,75,0.00,14,10.8,4,20.5,0
2023-08-23T02:00,17.5,74,0.00,1,11.3,22,20.1,0
2023-08-23T03:00,17.4,72,0.00,1,12.2,28,19.8,0
2023-08-23T04:00,17.2,71,0.00,1,12.1,27,19.5,0
2023-08-23T05:00,16.7,72,0.00,5,10.6,24,19.2,0
2023-08-23T06:00,16.7,73,0.00,5,10.8,15,19.0,1
2023-08-23T07:00,18.0,74,0.00,61,7.9,3,19.9,1
2023-08-23T08:00,19.2,67,0.00,77,8.5,12,20.4,1
2023-08-23T09:00,20.4,62,0.00,40,7.9,16,21.2,1
2023-08-23T10:00,22.2,56,0.00,2,7.6,25,22.7,1
2023-08-23T11:00,23.5,48,0.00,0,6.6,29,24.2,1
2023-08-23T12:00,24.3,44,0.00,1,6.0,33,25.5,1
2023-08-23T13:00,24.9,41,0.00,13,5.4,37,26.4,1
2023-08-23T14:00,25.0,40,0.00,20,3.1,111,27.0,1
2023-08-23T15:00,24.4,47,0.00,16,7.9,164,27.0,1
2023-08-23T16:00,23.3,57,0.00,2,11.7,171,26.6,1
2023-08-23T17:00,22.1,63,0.00,0,12.7,172,25.7,1
2023-08-23T18:00,21.1,70,0.00,0,12.6,156,24.5,1
2023-08-23T19:00,19.7,79,0.00,52,9.4,137,23.9,0
2023-08-23T20:00,19.7,78,0.00,60,8.7,142,22.9,0
2023-08-23T21:00,19.6,79,0.00,65,7.7,152,22.2,0
2023-08-23T22:00,19.6,78,0.00,60,7.7,152,21.7,0
2023-08-23T23:00,20.1,74,0.00,62,8.6,147,21.5,0
2023-08-24T00:00,20.0,73,0.00,74,9.0,151,21.3,0
2023-08-24T01:00,20.2,71,0.00,60,9.7,149,21.2,0
2023-08-24T02:00,20.0,72,0.00,60,5.9,169,21.0,0
2023-08-24T03:00,19.9,75,0.00,61,4.5,151,20.9,0
2023-08-24T04:00,20.0,74,0.00,64,6.4,137,20.8,0
2023-08-24T05:00,20.1,74,0.00,66,7.7,127,20.8,0
2023-08-24T06:00,20.4,74,0.00,54,9.4,130,20.8,1
2023-08-24T07:00,21.2,75,0.00,64,8.1,111,21.2,1
2023-08-24T08:00,21.7,74,0.00,64,10.2,122,21.5,1
2023-08-24T09:00,22.1,69,0.00,70,15.1,152,21.9,1
2023-08-24T10:00,22.0,71,0.30,75,15.5,167,22.2,1
2023-08-24T11:00,22.6,67,0.10,66,16.1,164,22.3,1
2023-08-24T12:00,23.3,63,0.00,73,20.2,175,22.7,1
2023-08-24T13:00,23.4,62,0.00,100,21.0,174,23.0,1
2023-08-24T14:00,23.1,66,0.00,100,24.0,161,23.1,1
2023-08-24T15:00,23.5,65,0.00,100,25.2,158,23.5,1
2023-08-24T16:00,23.1,67,0.00,100,24.3,159,23.3,1
2023-08-24T17:00,22.9,69,0.10,100,21.8,164,23.1,1
2023-08-24T18:00,21.5,79,0.30,76,21.3,164,22.5,1
2023-08-24T19:00,20.5,88,0.00,100,14.2,159,21.9,0
2023-08-24T20:00,20.5,86,1.60,100,15.9,167,21.2,0
2023-08-24T21:00,20.3,90,0.10,2,19.8,161,20.7,0
2023-08-24T22:00,20.2,87,0.00,100,13.1,171,20.4,0
2023-08-24T23:00,21.1,86,0.00,100,16.5,170,20.4,0
2023-08-25T00:00,22.0,81,0.00,100,19.9,185,20.6,0
2023-08-25T01:00,22.4,80,0.00,100,17.4,202,20.8,0
2023-08-25T02:00,21.9,80,0.10,100,14.0,209,20.9,0
2023-08-25T03:00,21.8,80,0.00,100,14.3,190,20.9,0
2023-08-25T04:00,22.2,77,0.00,100,18.9,201,21.0,0
2023-08-25T05:00,21.8,81,0.30,100,15.3,204,21.0,0
2023-08-25T06:00,21.8,82,0.10,73,16.9,196,20.9,1
2023-08-25T07:00,21.5,93,0.00,90,12.0,196,21.3,1
2023-08-25T08:00,21.7,93,4.80,92,16.0,194,21.3,1
2023-08-25T09:00,22.3,93,2.00,89,17.9,190,21.5,1
2023-08-25T10:00,23.1,90,0.70,100,19.2,197,22.0,1
2023-08-25T11:00,24.8,83,0.10,48,20.4,201,23.2,1
2023-08-25T12:00,25.9,78,0.00,42,21.4,193,24.4,1
2023-08-25T13:00,26.4,77,0.00,14,18.2,189,25.3,1
2023-08-25T14:00,26.0,76,0.10,90,19.1,178,25.9,1
2023-08-25T15:00,24.9,82,0.20,62,19.6,174,25.7,1
2023-08-25T16:00,24.9,82,0.00,17,17.5,172,25.5,1
2023-08-25T17:00,24.7,84,0.00,24,15.4,169,25.3,1
2023-08-25T18:00,23.8,89,0.00,19,11.2,159,24.8,1
2023-08-25T19:00,22.9,95,0.00,100,10.5,243,24.2,0
2023-08-25T20:00,22.6,97,2.50,49,4.0,180,23.5,0
2023-08-25T21:00,22.4,97,0.20,54,7.3,171,23.0,0
2023-08-25T22:00,22.0,96,0.00,10,4.7,176,22.6,0
2023-08-25T23:00,21.8,97,0.00,8,5.1,188,22.2,0
2023-08-26T00:00,21.7,97,0.00,25,5.7,198,21.9,0
2023-08-26T01:00,21.0,98,0.00,6,6.2,234,21.6,0
2023-08-26T02:00,21.5,98,0.00,28,4.2,301,21.2,0
2023-08-26T03:00,20.2,100,0.00,100,6.8,288,20.9,0
2023-08-26T04:00,20.2,100,0.00,94,3.5,294,20.7,0
2023-08-26T05:00,20.0,100,0.00,90,6.1,310,20.7,0
2023-08-26T06:00,20.2,100,0.00,92,7.3,340,20.8,1
2023-08-26T07:00,22.6,96,0.00,100,11.1,306,22.9,1
2023-08-26T08:00,22.9,94,0.80,96,11.6,16,23.2,1
2023-08-26T09:00,24.0,90,0.00,64,11.3,17,23.6,1
2023-08-26T10:00,25.8,80,0.00,11,10.5,41,24.7,1
2023-08-26T11:00,27.3,70,0.00,14,8.6,33,26.1,1
2023-08-26T12:00,27.7,68,0.20,25,9.2,11,27.1,1
2023-08-26T13:00,28.2,63,0.20,49,7.2,360,27.7,1
2023-08-26T14:00,28.7,60,0.10,19,5.0,339,28.2,1
2023-08-26T15:00,29.1,57,0.00,11,2.6,286,28.6,1
2023-08-26T16:00,27.8,67,0.00,22,7.3,200,28.4,1
2023-08-26T17:00,25.9,81,0.00,18,9.7,184,27.7,1
2023-08-26T18:00,24.1,86,0.00,8,9.7,165,26.7,1
2023-08-26T19:00,24.0,86,0.00,18,4.6,162,26.4,0
2023-08-26T20:00,23.5,85,0.00,6,7.6,199,25.3,0
2023-08-26T21:00,22.4,90,0.00,38,6.0,303,24.5,0
2023-08-26T22:00,22.0,82,1.10,6,10.0,26,23.7,0
2023-08-26T23:00,21.0,83,0.00,26,7.8,13,22.9,0
2023-08-27T00:00,20.6,84,0.00,37,9.4,356,22.3,0
2023-08-27T01:00,20.6,83,0.00,8,10.1,2,21.9,0
2023-08-27T02:00,20.2,85,0.00,2,10.7,12,21.5,0
2023-08-27T03:00,19.6,89,0.00,0,10.2,8,21.2,0
2023-08-27T04:00,19.0,91,0.00,0,10.1,4,20.9,0
2023-08-27T05:00,18.5,92,0.00,0,11.2,6,20.6,0
2023-08-27T06:00,18.6,91,0.00,1,13.0,2,20.4,1
2023-08-27T07:00,20.6,87,0.00,6,10.3,12,22.5,1
2023-08-27T08:00,22.0,82,0.00,1,9.8,8,23.1,1
2023-08-27T09:00,23.6,75,0.00,0,10.2,8,24.1,1
2023-08-27T10:00,24.9,70,0.00,3,10.1,4,25.3,1
2023-08-27T11:00,26.1,65,0.00,5,9.7,358,26.4,1
2023-08-27T12:00,26.9,57,0.00,10,10.1,354,27.4,1
2023-08-27T13:00,27.5,54,0.00,4,11.7,349,28.0,1
2023-08-27T14:00,27.9,53,0.00,5,12.7,352,28.3,1
2023-08-27T15:00,27.8,53,0.00,29,11.2,4,28.3,1
2023-08-27T16:00,27.2,54,0.00,29,6.9,9,27.9,1
2023-08-27T17:00,26.3,56,0.00,27,4.3,48,27.4,1
2023-08-27T18:00,24.8,72,0.00,22,2.2,90,26.5,1
2023-08-27T19:00,22.1,85,0.00,15,6.2,170,25.9,0
2023-08-27T20:00,21.8,87,0.00,9,6.4,207,24.8,0
2023-08-27T21:00,21.3,88,0.00,20,2.8,50,23.8,0
2023-08-27T22:00,20.1,92,0.10,56,5.4,110,23.0,0
2023-08-27T23:00,20.2,95,0.00,35,5.7,125,22.5,0
2023-08-28T00:00,19.6,97,0.00,20,4.6,135,22.1,0
2023-08-28T01:00,18.8,99,0.00,18,6.4,106,21.7,0
2023-08-28T02:00,19.2,98,0.00,54,6.0,65,21.3,0
2023-08-28T03:00,18.9,99,0.00,92,5.2,78,21.1,0
2023-08-28T04:00,19.0,99,0.00,100,7.4,67,20.9,0
2023-08-28T05:00,18.8,99,0.00,100,7.6,65,20.8,0
2023-08-28T06:00,18.9,99,0.00,100,9.3,62,20.7,1
2023-08-28T07:00,20.4,93,0.00,100,7.8,103,22.4,1
2023-08-28T08:00,21.6,87,0.10,100,12.4,112,22.5,1
2023-08-28T09:00,22.3,82,0.20,100,10.6,108,22.8,1
2023-08-28T10:00,23.9,74,0.20,87,13.1,111,23.9,1
2023-08-28T11:00,23.9,74,0.10,58,13.0,129,24.5,1
2023-08-28T12:00,24.0,72,0.00,41,13.6,130,25.0,1
2023-08-28T13:00,24.3,69,0.00,37,14.1,128,25.7,1
2023-08-28T14:00,24.6,67,0.00,33,13.8,133,26.1,1
2023-08-28T15:00,23.7,71,0.00,37,13.7,135,25.9,1
2023-08-28T16:00,22.6,77,0.00,35,15.5,134,25.3,1
2023-08-28T17:00,21.9,80,0.00,58,16.3,133,24.6,1
2023-08-28T18:00,21.7,81,0.00,100,14.0,134,23.9,1
2023-08-28T19:00,21.0,84,0.00,100,9.5,119,23.6,0
2023-08-28T20:00,20.7,85,0.00,96,9.3,103,23.0,0
2023-08-28T21:00,20.6,86,0.00,92,8.6,105,22.6,0
2023-08-28T22:00,20.4,87,0.00,91,6.5,93,22.3,0
2023-08-28T23:00,20.2,88,0.00,76,9.0,92,22.0,0
2023-08-29T00:00,19.8,90,0.00,36,8.4,83,21.7,0
2023-08-29T01:00,19.1,93,0.00,61,8.0,72,21.3,0
2023-08-29T02:00,18.9,93,0.00,37,8.8,71,21.1,0
2023-08-29T03:00,18.4,95,0.00,31,4.3,66,20.8,0
2023-08-29T04:00,18.0,96,0.00,34,4.5,61,20.4,0
2023-08-29T05:00,18.2,95,0.00,36,5.5,58,20.2,0
2023-08-29T06:00,18.6,94,0.00,33,8.6,68,20.2,1
2023-08-29T07:00,20.3,88,0.00,41,7.3,70,21.4,1
2023-08-29T08:00,22.1,80,0.00,62,8.6,75,22.1,1
2023-08-29T09:00,23.6,72,0.00,100,8.4,83,23.2,1
2023-08-29T10:00,24.9,68,0.00,70,7.4,76,24.1,1
2023-08-29T11:00,26.4,64,0.00,100,8.0,80,25.3,1
2023-08-29T12:00,26.7,66,0.00,100,9.5,101,26.5,1
2023-08-29T13:00,26.4,68,0.10,100,10.6,108,26.9,1
2023-08-29T14:00,26.4,69,0.00,100,11.1,103,27.1,1
2023-08-29T15:00,26.2,69,0.00,100,10.9,98,27.0,1
2023-08-29T16:00,25.3,76,0.10,100,11.4,101,26.7,1
2023-08-29T17:00,24.3,82,0.00,100,11.5,110,26.0,1
2023-08-29T18:00,23.6,85,0.00,55,10.7,123,25.3,1
2023-08-29T19:00,23.2,86,0.00,100,3.4,122,25.0,0
2023-08-29T20:00,22.9,88,0.00,100,4.0,117,24.3,0
2023-08-29T21:00,22.8,89,0.00,100,4.0,90,24.0,0
2023-08-29T22:00,22.6,90,0.00,100,3.7,101,23.7,0
2023-08-29T23:00,22.4,90,0.00,100,4.3,114,23.5,0
2023-08-30T00:00,22.2,93,0.00,77,2.1,121,23.2,0
2023-08-30T01:00,21.6,96,0.10,79,1.5,315,22.9,0
2023-08-30T02:00,21.8,95,0.00,100,1.5,284,22.7,0
2023-08-30T03:00,21.9,95,0.00,100,7.4,309,22.7,0
2023-08-30T04:00,21.9,94,0.10,100,1.6,297,22.6,0
2023-08-30T05:00,21.9,95,0.00,100,5.3,242,22.6,0
2023-08-30T06:00,22.2,93,0.00,74,7.5,235,22.5,1
2023-08-30T07:00,23.4,89,0.00,93,13.0,226,23.4,1
2023-08-30T08:00,23.5,86,1.30,100,15.5,245,23.5,1
2023-08-30T09:00,23.8,86,0.30,79,13.0,246,23.8,1
2023-08-30T10:00,24.5,81,0.00,35,11.0,259,24.2,1
2023-08-30T11:00,26.2,68,0.00,44,13.1,286,25.4,1
2023-08-30T12:00,27.3,58,0.00,1,11.4,288,26.4,1
2023-08-30T13:00,28.5,51,0.00,2,15.7,286,27.5,1
2023-08-30T14:00,28.9,49,0.00,15,19.0,289,28.0,1
2023-08-30T15:00,29.1,45,0.00,33,20.3,293,28.2,1
2023-08-30T16:00,28.4,45,0.00,36,19.0,297,27.8,1
2023-08-30T17:00,27.5,48,0.00,41,14.8,315,27.2,1
2023-08-30T18:00,25.8,52,0.00,50,15.1,332,26.3,1
2023-08-30T19:00,24.1,56,0.00,31,13.5,312,25.8,0
2023-08-30T20:00,23.2,60,0.00,30,15.1,310,24.8,0
2023-08-30T21:00,22.2,63,0.00,16,19.7,322,24.1,0
2023-08-30T22:00,21.1,66,0.00,7,19.5,326,23.4,0
2023-08-30T23:00,20.0,69,0.00,27,17.1,325,22.7,0
2023-08-31T00:00,19.3,71,0.00,30,15.6,334,22.1,0
2023-08-31T01:00,19.0,72,0.00,30,14.7,343,21.7,0
2023-08-31T02:00,18.4,73,0.00,31,14.8,347,21.2,0
2023-08-31T03:00,18.1,75,0.00,31,13.4,352,20.9,0
2023-08-31T04:00,17.8,76,0.00,30,13.7,2,20.6,0
2023-08-31T05:00,17.5,74,0.00,30,16.9,2,20.3,0
2023-08-31T06:00,17.0,72,0.00,29,19.9,4,20.0,1
2023-08-31T07:00,18.1,68,0.00,23,21.6,2,21.0,1
2023-08-31T08:00,19.0,65,0.00,29,21.8,9,21.3,1
2023-08-31T09:00,20.0,61,0.00,19,20.0,8,22.0,1
2023-08-31T10:00,21.2,57,0.00,19,18.6,10,23.0,1
2023-08-31T11:00,22.3,54,0.00,22,17.0,13,24.0,1
2023-08-31T12:00,23.3,50,0.00,24,16.2,13,25.0,1
2023-08-31T13:00,24.0,47,0.00,10,17.3,17,25.6,1
2023-08-31T14:00,24.4,44,0.00,0,19.1,12,26.0,1
2023-08-31T15:00,24.4,43,0.00,8,17.0,13,26.1,1
2023-08-31T16:00,23.9,45,0.00,5,17.2,10,25.8,1
2023-08-31T17:00,23.0,47,0.00,0,17.1,8,25.1,1
2023-08-31T18:00,21.4,53,0.00,0,13.7,358,24.1,1
2023-08-31T19:00,19.4,61,0.00,0,10.6,342,23.1,0
2023-08-31T20:00,18.9,61,0.00,0,14.6,9,22.0,0
2023-08-31T21:00,19.1,58,0.00,0,17.2,26,21.3,0
2023-08-31T22:00,18.4,58,0.00,0,15.6,34,20.6,0
2023-08-31T23:00,17.7,59,0.00,0,14.4,32,20.1,0
2023-09-01T00:00,17.2,61,0.00,0,14.0,29,19.6,0
2023-09-01T01:00,16.8,62,0.00,0,15.5,22,19.2,0
2023-09-01T02:00,16.1,63,0.00,0,15.4,16,18.8,0
2023-09-01T03:00,15.5,64,0.00,0,15.2,14,18.4,0
2023-09-01T04:00,14.8,67,0.00,0,13.5,9,18.0,0
2023-09-01T05:00,14.3,70,0.00,0,12.4,10,17.6,0
2023-09-01T06:00,14.3,72,0.00,0,12.1,12,17.3,1
2023-09-01T07:00,16.1,72,0.00,0,9.5,9,18.3,1
2023-09-01T08:00,18.0,63,0.00,0,10.5,16,19.2,1
2023-09-01T09:00,19.7,57,0.00,0,10.0,30,20.5,1
2023-09-01T10:00,21.0,49,0.00,0,10.1,35,21.9,1
2023-09-01T11:00,21.9,45,0.00,0,10.0,30,23.2,1
2023-09-01T12:00,22.6,43,0.00,0,11.3,37,24.2,1
2023-09-01T13:00,23.2,40,0.00,0,11.7,45,25.0,1
2023-09-01T14:00,23.7,38,0.00,0,9.6,56,25.5,1
2023-09-01T15:00,23.6,38,0.00,0,5.9,101,25.7,1
2023-09-01T16:00,22.6,48,0.00,0,8.0,162,25.4,1
2023-09-01T17:00,21.2,58,0.00,0,10.4,178,24.5,1
2023-09-01T18:00,19.5,65,0.00,0,9.1,171,23.3,1
2023-09-01T19:00,17.8,73,0.00,0,8.6,165,22.3,0
2023-09-01T20:00,17.5,75,0.00,0,9.3,167,21.1,0
2023-09-01T21:00,17.2,77,0.00,0,8.3,175,20.2,0
2023-09-01T22:00,16.8,80,0.00,0,7.3,191,19.5,0
2023-09-01T23:00,16.6,81,0.00,0,7.2,207,19.0,0
2023-09-02T00:00,15.9,86,0.00,0,6.9,227,18.4,0
2023-09-02T01:00,15.7,88,0.00,0,7.0,258,18.0,0
2023-09-02T02:00,15.0,90,0.00,0,7.6,270,17.7,0
2023-09-02T03:00,14.2,90,0.00,0,6.5,276,17.3,0
2023-09-02T04:00,13.7,91,0.00,0,6.0,287,16.9,0
2023-09-02T05:00,12.8,92,0.00,0,8.7,275,16.5,0
2023-09-02T06:00,14.0,89,0.00,0,4.9,253,16.2,1
2023-09-02T07:00,16.4,82,0.00,0,5.8,270,17.6,1
2023-09-02T08:00,18.8,72,0.00,0,4.5,256,18.9,1
2023-09-02T09:00,21.0,64,0.00,0,6.4,232,20.6,1
2023-09-02T10:00,22.7,57,0.00,0,9.8,234,22.2,1
2023-09-02T11:00,23.9,54,0.00,0,10.7,220,23.6,1
2023-09-02T12:00,24.4,54,0.00,14,13.1,196,24.8,1
2023-09-02T13:00,24.1,55,0.00,30,16.2,180,25.5,1
2023-09-02T14:00,23.6,55,0.00,30,17.4,174,25.6,1
2023-09-02T15:00,23.6,57,0.00,5,17.7,175,25.5,1
2023-09-02T16:00,23.0,61,0.00,27,20.0,173,25.2,1
2023-09-02T17:00,21.7,68,0.00,30,20.5,170,24.4,1
2023-09-02T18:00,20.6,75,0.00,30,19.2,174,23.3,1
2023-09-02T19:00,19.8,84,0.00,17,15.7,189,23.1,0
2023-09-02T20:00,19.8,84,0.00,30,16.0,188,22.1,0
2023-09-02T21:00,19.7,84,0.00,32,12.9,207,21.4,0
2023-09-02T22:00,19.6,83,0.00,85,11.1,209,21.0,0
2023-09-02T23:00,19.7,80,0.00,86,13.5,209,20.7,0
2023-09-03T00:00,19.6,79,0.10,83,13.8,231,20.5,0
2023-09-03T01:00,19.6,79,0.10,30,11.2,225,20.3,0
2023-09-03T02:00,19.1,81,0.00,24,11.8,230,20.0,0
2023-09-03T03:00,18.8,83,0.00,8,11.9,235,19.7,0
2023-09-03T04:00,18.5,84,0.00,11,11.3,239,19.5,0
2023-09-03T05:00,18.2,86,0.00,24,10.3,245,19.2,0
2023-09-03T06:00,18.3,86,0.00,0,10.9,253,19.1,1
2023-09-03T07:00,20.5,81,0.00,2,10.0,244,20.3,1
2023-09-03T08:00,23.1,74,0.00,1,8.5,258,21.5,1
2023-09-03T09:00,25.9,66,0.00,0,7.9,270,23.1,1
2023-09-03T10:00,28.0,58,0.00,4,8.7,294,24.8,1
2023-09-03T11:00,29.1,53,0.00,7,8.1,291,26.3,1
2023-09-03T12:00,30.2,49,0.00,1,9.2,281,27.5,1
2023-09-03T13:00,31.3,43,0.00,10,10.4,290,28.6,1
2023-09-03T14:00,32.0,41,0.00,33,12.6,297,29.2,1
2023-09-03T15:00,30.9,47,0.20,45,12.7,295,29.1,1
2023-09-03T16:00,30.6,48,0.00,9,7.8,292,28.7,1
2023-09-03T17:00,28.9,57,0.00,5,3.4,198,28.2,1
2023-09-03T18:00,25.6,75,0.00,1,7.8,167,27.1,1
2023-09-03T19:00,24.3,78,0.00,5,6.3,211,26.6,0
2023-09-03T20:00,24.1,76,0.00,6,8.3,270,25.3,0
2023-09-03T21:00,24.5,69,0.00,0,7.5,305,24.4,0
2023-09-03T22:00,23.7,73,0.00,0,7.7,298,23.7,0
2023-09-03T23:00,22.9,77,0.00,8,8.5,306,23.2,0
2023-09-04T00:00,22.5,80,0.00,9,8.1,315,22.8,0
2023-09-04T01:00,21.8,84,0.00,6,6.3,329,22.5,0
2023-09-04T02:00,20.9,89,0.00,8,5.4,352,22.0,0
2023-09-04T03:00,19.9,94,0.00,14,8.0,355,21.7,0
2023-09-04T04:00,20.4,91,0.00,11,4.6,321,21.3,0
2023-09-04T05:00,19.3,96,0.00,8,6.1,298,21.0,0
2023-09-04T06:00,20.3,93,0.00,46,8.9,313,20.9,1
2023-09-04T07:00,22.8,85,0.00,15,9.0,299,22.1,1
2023-09-04T08:00,25.8,73,0.00,31,8.9,317,23.3,1
2023-09-04T09:00,27.5,66,0.00,25,8.1,13,24.7,1
2023-09-04T10:00,29.4,59,0.00,28,8.9,328,26.2,1
2023-09-04T11:00,30.6,53,0.00,37,7.6,315,27.8,1
2023-09-04T12:00,31.6,51,0.00,27,7.4,317,29.0,1
2023-09-04T13:00,32.3,48,0.00,42,5.9,308,30.1,1
2023-09-04T14:00,32.9,45,0.00,42,4.3,318,30.8,1
2023-09-04T15:00,33.0,44,0.00,19,7.1,319,30.9,1
2023-09-04T16:00,33.3,42,0.00,39,10.5,311,30.8,1
2023-09-04T17:00,31.6,50,0.00,28,6.0,335,30.0,1
2023-09-04T18:00,28.7,72,0.00,38,3.2,63,29.0,1
2023-09-04T19:00,26.5,72,1.00,50,4.6,231,28.0,0
2023-09-04T20:00,25.0,77,0.00,17,11.0,199,26.9,0
2023-09-04T21:00,24.5,80,0.00,5,7.1,285,26.0,0
2023-09-04T22:00,24.4,82,0.00,2,9.5,299,25.3,0
2023-09-04T23:00,24.0,87,0.00,0,10.7,340,24.8,0
2023-09-05T00:00,23.2,89,0.00,0,8.5,12,24.4,0
2023-09-05T01:00,22.5,91,0.00,30,5.8,7,23.9,0
2023-09-05T02:00,21.8,94,0.00,39,4.1,315,23.5,0
2023-09-05T03:00,21.9,95,0.00,51,7.6,289,23.2,0
2023-09-05T04:00,21.9,94,0.00,30,8.8,325,23.0,0
2023-09-05T05:00,21.6,95,0.00,30,10.1,358,22.8,0
2023-09-05T06:00,22.2,92,0.00,28,9.0,355,22.7,1
2023-09-05T07:00,24.0,88,0.00,11,9.4,342,23.8,1
2023-09-05T08:00,26.0,82,0.00,27,9.6,347,24.7,1
2023-09-05T09:00,28.1,74,0.00,10,8.3,2,26.1,1
2023-09-05T10:00,29.8,66,0.00,12,6.1,3,27.6,1
2023-09-05T11:00,31.1,60,0.00,11,8.0,342,29.1,1
2023-09-05T12:00,32.3,55,0.00,14,9.2,339,30.3,1
2023-09-05T13:00,33.3,50,0.00,63,9.4,337,31.1,1
2023-09-05T14:00,34.1,46,0.00,57,10.1,343,31.6,1
2023-09-05T15:00,34.5,44,0.00,42,10.2,352,31.8,1
2023-09-05T16:00,33.9,45,0.00,31,10.2,8,31.5,1
2023-09-05T17:00,32.8,47,0.00,31,10.5,27,30.9,1
2023-09-05T18:00,30.9,53,0.00,29,9.8,36,29.9,1
2023-09-05T19:00,29.6,63,0.00,34,3.3,84,29.0,0
2023-09-05T20:00,28.1,72,0.00,32,0.5,135,27.9,0
2023-09-05T21:00,26.9,80,0.00,34,1.0,135,27.0,0
2023-09-05T22:00,25.4,88,0.00,31,2.1,149,26.3,0
2023-09-05T23:00,25.2,88,0.00,2,2.9,173,25.6,0
2023-09-06T00:00,24.1,92,0.00,48,5.3,332,25.1,0
2023-09-06T01:00,24.1,92,0.00,29,4.7,351,24.8,0
2023-09-06T02:00,24.2,92,0.00,44,5.5,337,24.7,0
2023-09-06T03:00,23.6,95,0.00,0,6.6,331,24.5,0
2023-09-06T04:00,23.3,96,0.00,1,6.3,336,24.3,0
2023-09-06T05:00,22.9,96,0.00,7,5.5,349,24.1,0
2023-09-06T06:00,23.2,95,0.00,0,7.4,337,23.9,1
2023-09-06T07:00,25.1,88,0.00,2,7.6,335,25.0,1
2023-09-06T08:00,27.3,77,0.00,3,7.1,345,26.1,1
2023-09-06T09:00,29.3,65,0.00,1,8.7,355,27.4,1
2023-09-06T10:00,30.6,59,0.00,0,8.0,350,28.8,1
2023-09-06T11:00,31.7,54,0.00,2,7.4,337,30.1,1
2023-09-06T12:00,32.7,50,0.00,1,7.0,325,31.3,1
2023-09-06T13:00,33.4,47,0.00,0,6.4,317,32.2,1
2023-09-06T14:00,33.9,44,0.00,0,4.1,285,32.9,1
2023-09-06T15:00,34.4,41,0.00,0,3.6,264,33.1,1
2023-09-06T16:00,33.3,45,0.00,0,6.9,219,32.8,1
2023-09-06T17:00,29.1,66,0.00,0,15.3,188,31.7,1
2023-09-06T18:00,25.8,80,0.00,2,13.7,178,30.2,1
2023-09-06T19:00,26.3,79,0.00,0,8.4,170,29.5,0
2023-09-06T20:00,25.0,88,0.00,5,9.0,175,28.3,0
2023-09-06T21:00,24.7,90,0.00,0,5.5,169,27.3,0
2023-09-06T22:00,24.4,91,0.00,0,5.4,176,26.5,0
2023-09-06T23:00,24.9,87,0.00,0,7.1,229,25.9,0
2023-09-07T00:00,24.4,88,0.00,0,8.6,248,25.4,0
2023-09-07T01:00,24.5,82,0.00,0,6.4,254,25.0,0
2023-09-07T02:00,23.4,85,0.00,0,8.3,270,24.6,0
2023-09-07T03:00,22.6,88,0.00,0,7.6,278,24.2,0
2023-09-07T04:00,22.1,91,0.00,0,7.7,298,23.8,0
2023-09-07T05:00,23.1,85,0.00,0,4.5,256,23.5,0
2023-09-07T06:00,22.5,89,0.00,0,5.6,243,23.3,1
2023-09-07T07:00,25.5,81,0.00,4,3.8,311,24.7,1
2023-09-07T08:00,28.1,71,0.00,0,2.9,300,26.0,1
2023-09-07T09:00,30.7,61,0.00,4,3.2,270,27.7,1
2023-09-07T10:00,32.5,53,0.00,22,5.4,228,29.4,1
2023-09-07T11:00,33.6,47,0.00,11,3.6,225,30.9,1
2023-09-07T12:00,34.2,44,0.00,30,3.9,158,32.2,1
2023-09-07T13:00,33.3,44,0.00,48,16.6,204,32.7,1
2023-09-07T14:00,31.2,53,0.00,30,14.1,199,31.9,1
2023-09-07T15:00,31.1,56,0.00,31,14.5,186,31.6,1
2023-09-07T16:00,31.2,54,0.00,35,11.4,169,31.2,1
2023-09-07T17:00,28.3,70,0.00,34,12.7,165,30.4,1
2023-09-07T18:00,26.9,74,0.00,16,13.7,157,29.3,1
2023-09-07T19:00,24.9,84,0.00,37,11.3,187,27.9,0
2023-09-07T20:00,25.3,86,0.00,32,12.4,334,26.9,0
2023-09-07T21:00,24.4,87,1.50,53,1.1,198,26.2,0
2023-09-07T22:00,22.2,94,1.10,40,16.0,104,25.1,0
2023-09-07T23:00,21.8,95,0.00,30,8.9,69,24.3,0
2023-09-08T00:00,21.6,95,0.00,31,6.4,106,23.8,0
2023-09-08T01:00,21.2,96,0.00,30,6.2,111,23.3,0
2023-09-08T02:00,21.0,96,0.00,35,7.9,223,23.0,0
2023-09-08T03:00,21.2,96,0.00,5,5.0,120,22.8,0
2023-09-08T04:00,21.3,96,0.00,29,3.3,257,22.5,0
2023-09-08T05:00,20.6,98,0.00,26,2.6,16,22.3,0
2023-09-08T06:00,20.7,99,0.00,61,3.3,49,22.2,1
2023-09-08T07:00,22.6,95,0.00,42,7.6,155,24.1,1
2023-09-08T08:00,24.3,88,0.00,38,11.4,77,24.4,1
2023-09-08T09:00,25.5,85,0.00,46,9.4,157,25.0,1
2023-09-08T10:00,28.0,77,0.00,31,6.9,186,26.6,1
2023-09-08T11:00,29.2,74,0.00,34,5.2,168,28.3,1
2023-09-08T12:00,30.3,69,0.00,19,9.1,162,29.9,1
2023-09-08T13:00,30.6,65,0.00,6,11.7,171,30.9,1
2023-09-08T14:00,29.6,70,0.00,31,13.6,168,31.2,1
2023-09-08T15:00,28.2,77,0.00,8,15.2,173,30.8,1
2023-09-08T16:00,27.4,83,0.00,54,16.8,171,30.4,1
2023-09-08T17:00,25.5,81,1.00,61,8.1,238,29.3,1
2023-09-08T18:00,24.1,88,0.00,47,11.2,50,27.5,1
2023-09-08T19:00,25.3,91,0.00,49,4.4,81,26.8,0
2023-09-08T20:00,24.0,95,1.00,75,12.9,144,26.0,0
2023-09-08T21:00,22.3,97,2.60,100,2.3,39,25.1,0
2023-09-08T22:00,21.3,97,0.00,67,14.2,69,24.2,0
2023-09-08T23:00,20.9,98,0.00,46,1.9,202,23.5,0
2023-09-09T00:00,20.7,98,0.00,42,5.8,83,23.0,0
2023-09-09T01:00,20.7,98,0.00,27,8.9,117,22.6,0
2023-09-09T02:00,21.0,97,0.00,38,5.5,148,22.4,0
2023-09-09T03:00,21.3,96,0.00,19,5.7,235,22.2,0
2023-09-09T04:00,21.5,96,0.00,14,2.7,293,21.9,0
2023-09-09T05:00,20.5,99,0.00,62,1.8,349,21.6,0
2023-09-09T06:00,20.8,98,0.00,100,3.2,27,21.6,1
2023-09-09T07:00,24.1,94,0.00,59,6.9,9,24.6,1
2023-09-09T08:00,25.6,86,0.00,87,8.1,77,25.3,1
2023-09-09T09:00,26.4,81,0.10,100,9.4,130,26.1,1
2023-09-09T10:00,27.7,75,0.00,43,6.7,144,27.2,1
2023-09-09T11:00,27.8,74,0.40,59,9.4,130,28.1,1
2023-09-09T12:00,28.2,73,0.90,53,7.8,146,28.5,1
2023-09-09T13:00,27.2,74,0.80,56,7.9,129,28.4,1
2023-09-09T14:00,27.2,76,0.20,84,5.5,101,28.4,1
2023-09-09T15:00,23.8,84,4.30,100,4.5,119,27.8,1
2023-09-09T16:00,24.0,85,0.10,100,6.1,135,26.3,1
2023-09-09T17:00,24.1,87,0.00,100,8.2,113,25.6,1
2023-09-09T18:00,23.6,90,0.00,83,7.4,119,25.0,1
2023-09-09T19:00,22.8,90,0.00,36,6.9,152,25.1,0
2023-09-09T20:00,20.7,93,5.10,100,11.3,7,24.0,0
2023-09-09T21:00,20.8,92,0.10,100,15.2,158,23.1,0
2023-09-09T22:00,20.9,93,0.00,30,7.2,323,22.5,0
2023-09-09T23:00,20.4,97,0.00,11,4.9,36,22.2,0
2023-09-10T00:00,19.9,98,0.00,54,6.6,45,21.9,0
2023-09-10T01:00,19.6,99,0.00,36,6.9,99,21.6,0
2023-09-10T02:00,19.9,97,0.00,72,4.5,119,21.4,0
2023-09-10T03:00,20.7,96,0.00,95,4.7,113,21.4,0
2023-09-10T04:00,21.1,97,0.00,77,8.3,185,21.5,0
2023-09-10T05:00,21.8,95,0.00,86,5.2,254,21.6,0
2023-09-10T06:00,22.0,96,0.00,98,2.3,39,21.5,1
2023-09-10T07:00,22.8,98,0.00,100,2.5,360,23.2,1
2023-09-10T08:00,21.9,98,6.20,100,11.8,168,23.2,1
2023-09-10T09:00,22.3,95,0.50,94,11.0,157,23.0,1
2023-09-10T10:00,22.9,89,0.30,77,10.3,192,23.2,1
2023-09-10T11:00,24.3,84,0.70,91,7.6,245,24.1,1
2023-09-10T12:00,24.0,85,0.70,100,6.6,292,24.1,1
2023-09-10T13:00,24.3,83,0.30,100,6.0,327,24.4,1
2023-09-10T14:00,24.2,83,0.30,92,6.8,357,24.5,1
2023-09-10T15:00,23.9,83,0.10,68,7.1,24,24.3,1
2023-09-10T16:00,24.3,80,0.00,53,7.1,41,24.4,1
2023-09-10T17:00,24.0,79,0.20,100,5.8,83,24.4,1
2023-09-10T18:00,22.6,89,0.20,91,4.5,104,23.9,1
2023-09-10T19:00,20.8,93,0.10,64,8.3,108,24.4,0
2023-09-10T20:00,20.8,97,9.60,100,5.4,340,23.2,0
2023-09-10T21:00,20.3,99,10.30,100,8.5,348,22.6,0
2023-09-10T22:00,20.1,97,6.60,100,5.2,344,22.1,0
2023-09-10T23:00,20.1,98,6.00,60,7.6,8,21.8,0
